,Low Vol,Medium Vol,High Vol
Low Vol,0.9745448813933328,0.013003388761919773,0.01245172984474742
Medium Vol,0.3299492385786802,0.01015228426395939,0.6598984771573604
High Vol,0.06620654396728017,0.007668711656441718,0.9261247443762781
